cylinders,displacement,weight,acceleration,model year,power_to_weight,disp_per_cyl,origin_2,origin_3
0.3048615557636337,0.284577572171576,0.7548029743685987,1.121758904705582,0.4945275155867358,-0.7249375874937732,0.4524814639040625,-0.4255961412791452,-0.5019960159204454
-0.8731837152736169,-0.535880415217325,-0.49312921851298647,-0.2289396590287959,-0.057298196993117584,0.16237493709024778,0.16251040462686447,-0.4255961412791452,-0.5019960159204454
0.3048615557636337,-0.23665456099313756,-0.002529921311447249,-0.37111845521136216,-0.3332110532830443,-0.3754971365133289,-0.5914143494938505,-0.4255961412791452,-0.5019960159204454
1.4829068268008843,1.1822551348441381,1.3680520958705227,-0.7265654456677775,-1.1609496221528244,0.24575858322604494,0.7134554172535408,-0.4255961412791452,-0.5019960159204454
-0.8731837152736169,-1.0571125483820385,-1.3230993887786973,0.30423082665582646,1.322266084456516,-0.10737411326720743,-1.403333315470005,-0.4255961412791452,-0.5019960159204454
1.4829068268008843,1.9737557815016662,1.5942993445799705,-1.1886465332611178,0.21861465929680912,1.5075480760256552,1.902336760290053,-0.4255961412791452,-0.5019960159204454
-0.8731837152736169,-1.0281552076506655,-1.3588226385749258,-0.08676086284622964,1.0463532281665893,-0.1945705085232497,-1.3163419976868456,2.3496453633119474,-0.5019960159204454
0.3048615557636337,-0.140130091888561,-0.048970146046544406,0.30423082665582646,1.5981789407464426,0.42307770302348463,-0.3981003099757183,-0.4255961412791452,-0.5019960159204454
0.3048615557636337,0.3424922536343219,0.3082623519157414,-0.05121616380058823,0.7704403718766625,0.10786590117629433,0.5684698876149418,-0.4255961412791452,-0.5019960159204454
1.4829068268008843,0.622413214037594,1.2787439713799513,1.2283930018425069,0.21861465929680912,-1.2677575887534929,-0.12746065465033357,-0.4255961412791452,-0.5019960159204454
0.3048615557636337,0.5258887449330174,0.9465177482750254,0.5174990209296761,-0.6091239095729709,-1.374168467031308,0.9357665626993924,-0.4255961412791452,-0.5019960159204454
-0.8731837152736169,-0.535880415217325,-0.11446277067296348,0.624133118066601,0.7704403718766625,-0.7145388023170767,0.16251040462686447,-0.4255961412791452,-0.5019960159204454
0.3048615557636337,-0.48761818066503665,0.20704647749309377,1.4416611961163566,1.322266084456516,-1.7693393972195308,-1.0940308522409936,2.3496453633119474,-0.5019960159204454
-0.8731837152736169,-0.9509356323670043,-1.192114139525859,0.30423082665582646,0.21861465929680912,-0.17004123393590176,-1.0843651502650873,-0.4255961412791452,1.9920476822239896
-0.8731837152736169,-0.8061489287101394,-0.48955689353336357,0.23314142856454367,1.5981789407464426,-0.29258491907486345,-0.64940856134929,-0.4255961412791452,-0.5019960159204454
0.3048615557636337,0.3424922536343219,0.6535870999459511,1.2994823999337897,0.4945275155867358,-0.8376456926567337,0.5684698876149418,-0.4255961412791452,-0.5019960159204454
0.3048615557636337,-0.26561190172451055,0.9929579730101226,0.4108649237927513,-0.057298196993117584,-0.5556747975202467,-0.64940856134929,2.3496453633119474,-0.5019960159204454
-0.8731837152736169,-0.7192769065160205,-0.06325944596503584,-0.37111845521136216,-1.1609496221528244,0.5606664725717168,-0.38843460799981183,2.3496453633119474,-0.5019960159204454
1.4829068268008843,1.5876579050833597,1.9860643173452772,-0.9042889408959852,-0.8850367658628977,0.2873003468217824,1.3223946417356567,-0.4255961412791452,-0.5019960159204454
-0.8731837152736169,-0.5937950966800709,-0.5074185184314779,-0.477752552348287,0.4945275155867358,0.383176803313877,-0.011472230939454355,-0.4255961412791452,1.9920476822239896
0.3048615557636337,0.03361395249967686,-0.2525926698850473,-0.015671464754946823,-1.7127753347326777,0.030133582783247896,-0.050135038843081035,-0.4255961412791452,-0.5019960159204454
1.4829068268008843,2.2536767419049384,1.9610580424879172,-1.6151829218088158,-1.1609496221528244,1.6665595730152878,2.32279479624199,-0.4255961412791452,-0.5019960159204454
0.3048615557636337,0.3424922536343219,1.0965553974191855,1.9392869827553376,-0.3332110532830443,-1.0928696917983143,0.5684698876149418,-0.4255961412791452,-0.5019960159204454
1.4829068268008843,2.3598536579199725,1.5788192696682712,-2.503800397949854,-1.7127753347326777,2.4850457061528957,2.4822788788444488,-0.4255961412791452,-0.5019960159204454
-0.8731837152736169,-0.9509356323670043,-1.370730388507002,1.7615634875271298,-1.7127753347326777,-1.6016236101556733,-1.0843651502650873,2.3496453633119474,-0.5019960159204454
-0.8731837152736169,-0.873716057083343,-0.9360975159862209,-0.8331995428047023,0.7704403718766625,-0.4889882924308051,-0.8523883028433288,-0.4255961412791452,-0.5019960159204454
-0.8731837152736169,-0.9412831854565465,-1.120667639933402,0.23314142856454367,1.322266084456516,-0.494483958677928,-1.0553680443373674,-0.4255961412791452,-0.5019960159204454
-0.8731837152736169,-1.1053747829343268,-1.4600385129975735,0.1975967295189029,1.322266084456516,-0.11436704325188135,-1.548318845108604,-0.4255961412791452,1.9920476822239896
-0.8731837152736169,-0.786844034889224,-0.48122146858091025,-0.5488419504395698,-0.8850367658628977,0.0757002830162797,-0.5914143494938505,2.3496453633119474,-0.5019960159204454
-0.8731837152736169,-0.7192769065160205,-0.048970146046544406,-0.37111845521136216,-0.3332110532830443,-0.24856922249933863,-0.38843460799981183,2.3496453633119474,-0.5019960159204454
1.4829068268008843,1.1822551348441381,1.004865722942199,-0.12230556189187168,0.7704403718766625,0.07636701311858975,0.7134554172535408,-0.4255961412791452,-0.5019960159204454
-0.8731837152736169,-1.0088503138297502,-1.2159296393900114,0.05541793333633599,1.5981789407464426,-0.11341380852114585,-1.258347785831406,-0.4255961412791452,1.9920476822239896
-0.8731837152736169,-1.0281552076506655,-1.2635606391183163,-0.5488419504395698,0.7704403718766625,0.3458819200250828,-1.3163419976868456,2.3496453633119474,-0.5019960159204454
-0.8731837152736169,-0.7096244596055628,-0.9051373661628228,0.3397755257014685,-1.1609496221528244,0.6345388681794804,-0.359437502072092,-0.4255961412791452,-0.5019960159204454
-0.8731837152736169,-0.7096244596055628,-0.7038963923107351,0.16205203047326083,-1.1609496221528244,0.18517353803314526,-0.359437502072092,-0.4255961412791452,-0.5019960159204454
-0.8731837152736169,-1.0571125483820385,-1.1516277897568,0.30423082665582646,1.0463532281665893,-0.4270152873660401,-1.403333315470005,-0.4255961412791452,1.9920476822239896
-0.8731837152736169,-0.7385818003369358,-0.4419258938050588,-0.2644843580744373,1.322266084456516,0.5696927903348725,-0.44642881985525146,-0.4255961412791452,1.9920476822239896
1.4829068268008843,1.1822551348441381,0.8917420985874749,-0.8331995428047023,0.4945275155867358,0.4448065750004617,0.7134554172535408,-0.4255961412791452,-0.5019960159204454
0.3048615557636337,0.5258887449330174,0.20466492750667853,1.4061164970707145,-0.3332110532830443,-1.97561067834286,0.9357665626993924,-0.4255961412791452,-0.5019960159204454
-0.8731837152736169,-0.84475871635197,-0.722948792202057,0.3397755257014685,-0.8850367658628977,0.7792754910442066,-0.7653969850601693,-0.4255961412791452,1.9920476822239896
0.3048615557636337,0.04326639941013452,-0.47526759361487214,0.16205203047326083,-1.7127753347326777,-0.3178238871236973,-0.030803634891267286,-0.4255961412791452,-0.5019960159204454
-0.8731837152736169,-0.7385818003369358,-0.657456167575638,-0.19339495998315448,1.0463532281665893,0.49666268527742385,-0.44642881985525146,-0.4255961412791452,1.9920476822239896
0.3048615557636337,0.03361395249967686,-0.4026303190292074,-0.19339495998315448,-1.7127753347326777,-0.13134383702131833,-0.050135038843081035,-0.4255961412791452,-0.5019960159204454
0.3048615557636337,0.5258887449330174,0.4166228762976348,0.5174990209296761,-0.6091239095729709,-0.792638129894776,0.9357665626993924,-0.4255961412791452,-0.5019960159204454
-0.8731837152736169,-1.0088503138297502,-1.2099757644239733,0.7307672152035259,1.5981789407464426,-0.04400670711167665,-1.258347785831406,-0.4255961412791452,1.9920476822239896
-0.8731837152736169,-0.7771915879787664,-0.3478546693416569,-0.19339495998315448,-0.3332110532830443,0.07892305933115693,-0.5624172435661307,2.3496453633119474,-0.5019960159204454
-0.8731837152736169,-0.42970349920229073,-0.2930790196541064,0.16205203047326083,0.21861465929680912,-0.43976798231970493,0.48147856983178233,-0.4255961412791452,-0.5019960159204454
-0.8731837152736169,-1.0667649952924962,-1.132575389865478,2.3658233713030357,-0.057298196993117584,-1.5217279523294587,-1.4323304213977248,-0.4255961412791452,-0.5019960159204454
-0.8731837152736169,-0.9509356323670043,-0.948005265918297,-0.5132972513939285,0.21861465929680912,0.137091055512054,-1.0843651502650873,2.3496453633119474,-0.5019960159204454
0.3048615557636337,0.5258887449330174,0.5309372756455663,1.9392869827553376,-0.3332110532830443,-2.275643480822594,0.9357665626993924,-0.4255961412791452,-0.5019960159204454
-0.8731837152736169,-0.873716057083343,-0.9182358910881065,-0.2289396590287959,1.322266084456516,-1.045423466154804,-0.8523883028433288,-0.4255961412791452,-0.5019960159204454
-0.8731837152736169,-0.8061489287101394,-0.4121565189748683,1.0862142056599413,1.5981789407464426,-0.2392407929781889,-0.64940856134929,-0.4255961412791452,-0.5019960159204454
-0.8731837152736169,-0.8544111632624277,-0.6217329177794093,-0.015671464754946823,-0.057298196993117584,0.019426260026305698,-0.7943940909878892,2.3496453633119474,-0.5019960159204454
-0.8731837152736169,-0.7192769065160205,-0.1406598205235311,-0.015671464754946823,-0.8850367658628977,0.70332089951662,-0.38843460799981183,2.3496453633119474,-0.5019960159204454
-0.8731837152736169,-0.9412831854565465,-1.0027809156058476,-0.3000290571200793,1.0463532281665893,0.10928743386986421,-1.0553680443373674,2.3496453633119474,-0.5019960159204454
1.4829068268008843,1.0567733250081885,1.0644044726025799,-1.0820124361241927,0.21861465929680912,0.426323419480586,0.5249742287233621,-0.4255961412791452,-0.5019960159204454
-0.8731837152736169,-0.9412831854565465,-0.9134727911152761,0.3397755257014685,-0.6091239095729709,0.43177975309504024,-1.0553680443373674,2.3496453633119474,-0.5019960159204454
-0.8731837152736169,-0.84475871635197,-0.7086594922835656,-0.015671464754946823,-0.6091239095729709,0.6776490230799715,-0.7653969850601693,-0.4255961412791452,1.9920476822239896
-0.8731837152736169,-1.0667649952924962,-1.1504370147635923,1.2994823999337897,0.7704403718766625,-0.4296423519668165,-1.4323304213977248,-0.4255961412791452,1.9920476822239896
0.3048615557636337,0.3521447005447796,0.3594656766236691,-0.015671464754946823,-1.436862478442751,-0.7205060473978278,0.5878012915667546,-0.4255961412791452,-0.5019960159204454
1.4829068268008843,1.5007858828892409,1.1537125970931512,-0.8331995428047023,0.7704403718766625,0.017768643879496757,1.1919076650609175,-0.4255961412791452,-0.5019960159204454
1.4829068268008843,1.4911334359787831,1.2727900964139132,-1.2597359313524006,-0.057298196993117584,0.16047838617038726,1.1774091120970578,-0.4255961412791452,-0.5019960159204454
0.3048615557636337,0.284577572171576,0.7667107243006749,0.7663119142491667,0.21861465929680912,-1.1928221545245397,0.4524814639040625,-0.4255961412791452,-0.5019960159204454
-0.8731837152736169,-0.477965733754579,0.3142162268817795,2.22364457512047,1.0463532281665893,-2.3355828806912218,0.3364930401931833,2.3496453633119474,-0.5019960159204454
-0.8731837152736169,-0.535880415217325,-0.6884163173990361,1.4061164970707145,-1.1609496221528244,0.4270291141993877,0.16251040462686447,-0.4255961412791452,-0.5019960159204454
-0.8731837152736169,-0.7096244596055628,-0.8051122667333828,1.0506695066142993,-0.8850367658628977,0.33161063434207627,-0.359437502072092,-0.4255961412791452,-0.5019960159204454
-0.8731837152736169,-0.42970349920229073,-0.2990328946201445,0.8729460113860915,1.5981789407464426,-0.3095536173213386,0.48147856983178233,-0.4255961412791452,-0.5019960159204454
-0.8731837152736169,-0.535880415217325,-0.4693137186488341,1.0506695066142993,-0.3332110532830443,-0.7734229445851728,0.16251040462686447,-0.4255961412791452,-0.5019960159204454
1.4829068268008843,2.4949879146663796,1.6288318193829914,-2.3260769027216464,-1.7127753347326777,2.595054899018285,2.685258620338488,-0.4255961412791452,-0.5019960159204454
0.3048615557636337,0.284577572171576,0.44520147613461764,0.3753202247471106,0.7704403718766625,-0.337355882048859,0.4524814639040625,-0.4255961412791452,-0.5019960159204454
-0.8731837152736169,-0.38144126465000244,-0.2216325200616492,-0.40666315425700356,1.0463532281665893,0.44756483051650425,0.6264640994703814,-0.4255961412791452,-0.5019960159204454
1.4829068268008843,1.8096641840238858,0.6869287997557644,-1.970629912265231,-1.7127753347326777,2.1309421838645695,1.6558613599044345,-0.4255961412791452,-0.5019960159204454
-0.8731837152736169,-1.0667649952924962,-1.186160264559821,0.5174990209296761,-0.057298196993117584,0.06447224655715289,-1.4323304213977248,-0.4255961412791452,1.9920476822239896
1.4829068268008843,1.9737557815016662,2.2861396156335974,-1.0820124361241927,-0.8850367658628977,-0.12276662282988332,1.902336760290053,-0.4255961412791452,-0.5019960159204454
-0.8731837152736169,-0.7289293534264781,-0.5717203680646893,-0.37111845521136216,-1.1609496221528244,0.646535653603953,-0.41743171392753164,-0.4255961412791452,1.9920476822239896
-0.8731837152736169,-1.0667649952924962,-1.2397451392541639,0.44640962283839336,0.21861465929680912,0.19861986158912237,-1.4323304213977248,-0.4255961412791452,1.9920476822239896
-0.8731837152736169,-0.535880415217325,-0.2752173947559921,0.09096263238197803,0.21861465929680912,-0.4087608742763344,0.16251040462686447,-0.4255961412791452,-0.5019960159204454
-0.8731837152736169,-1.0667649952924962,-1.0432672653749067,1.2994823999337897,1.0463532281665893,-0.6558811712119366,-1.4323304213977248,-0.4255961412791452,1.9920476822239896
1.4829068268008843,1.4911334359787831,1.6597919692063894,-1.2241912323067592,-0.057298196993117584,1.0402874918886367,1.1774091120970578,-0.4255961412791452,-0.5019960159204454
-0.8731837152736169,-0.9509356323670043,-1.0968521400692495,0.8018566132948087,1.322266084456516,-0.3855819427785109,-1.0843651502650873,-0.4255961412791452,1.9920476822239896
-0.8731837152736169,-1.018502760740208,-1.073036640205097,2.188099876074828,1.0463532281665893,-1.9389611849362787,-1.287344891759126,2.3496453633119474,-0.5019960159204454
1.4829068268008843,2.2536767419049384,2.3409152653211476,-1.4374594265806082,-0.8850367658628977,0.8569853072039708,2.32279479624199,-0.4255961412791452,-0.5019960159204454
-0.8731837152736169,-1.1343321236656998,-1.192114139525859,1.3705717980250725,0.4945275155867358,-1.415633296697059,-1.6353101628917635,-0.4255961412791452,1.9920476822239896
-0.8731837152736169,-0.7289293534264781,-0.5919635429492188,-0.19339495998315448,-0.6091239095729709,0.6901128992396208,-0.41743171392753164,-0.4255961412791452,1.9920476822239896
1.4829068268008843,1.0278159842768155,0.26063135218743666,-1.544093523717533,0.4945275155867358,1.4150928773428817,0.48147856983178233,-0.4255961412791452,-0.5019960159204454
1.4829068268008843,1.1822551348441381,1.4895111451777,-0.37111845521136216,-0.8850367658628977,0.10181161009776958,0.7134554172535408,-0.4255961412791452,-0.5019960159204454
1.4829068268008843,1.9737557815016662,1.7098045189211095,-1.0820124361241927,-1.1609496221528244,1.3487059945862037,1.902336760290053,-0.4255961412791452,-0.5019960159204454
1.4829068268008843,1.4911334359787831,0.807197074069734,-1.6151829218088158,-0.8850367658628977,2.3640224436741852,1.1774091120970578,-0.4255961412791452,-0.5019960159204454
0.3048615557636337,0.284577572171576,0.16060625275799661,0.3397755257014685,-0.8850367658628977,-0.18818699462805444,0.4524814639040625,-0.4255961412791452,-0.5019960159204454
-0.8731837152736169,-1.0860698891134115,-1.1706801896481218,1.2283930018425069,-0.6091239095729709,-0.713798447954053,-1.4903246332531646,-0.4255961412791452,1.9920476822239896
-0.8731837152736169,-0.5262279683068672,0.24276972728932236,3.289985546489716,0.7704403718766625,-2.0649811338042072,0.1915075105545843,2.3496453633119474,-0.5019960159204454
0.3048615557636337,0.5258887449330174,0.34755792669159286,0.8729460113860915,-0.8850367658628977,-0.7052126375944787,0.9357665626993924,-0.4255961412791452,-0.5019960159204454
0.3048615557636337,0.5258887449330174,0.6357254750478367,0.30423082665582646,0.21861465929680912,-0.5826436047255354,0.9357665626993924,-0.4255961412791452,-0.5019960159204454
1.4829068268008843,1.4911334359787831,1.7502908686901686,-0.7265654456677775,-1.1609496221528244,0.18492641435067048,1.1774091120970578,-0.4255961412791452,-0.5019960159204454
-0.8731837152736169,-0.7192769065160205,-0.8956111662171619,-1.0820124361241927,-1.7127753347326777,2.603900839107274,-0.38843460799981183,2.3496453633119474,-0.5019960159204454
1.4829068268008843,1.4911334359787831,1.4561694453678866,-1.2597359313524006,-1.436862478442751,0.7280634921433462,1.1774091120970578,-0.4255961412791452,-0.5019960159204454
-0.8731837152736169,-1.018502760740208,-1.0254056404767924,-0.37111845521136216,-0.6091239095729709,0.08396185337225502,-1.287344891759126,-0.4255961412791452,-0.5019960159204454
0.3048615557636337,-0.38144126465000244,-0.2132970951091959,-0.7265654456677775,-0.8850367658628977,1.4304284534513751,-0.8813854087710485,-0.4255961412791452,1.9920476822239896
1.4829068268008843,1.4911334359787831,1.805066518377719,-0.7265654456677775,-1.1609496221528244,-0.05861488044648771,1.1774091120970578,-0.4255961412791452,-0.5019960159204454
-0.8731837152736169,-0.5841426497696133,-0.5907727679560112,0.05541793333633599,1.322266084456516,-0.17304266059315807,0.01752487498826545,-0.4255961412791452,-0.5019960159204454
-0.8731837152736169,-0.5841426497696133,-0.5490956431937446,0.16205203047326083,1.5981789407464426,-0.25012088206325295,0.01752487498826545,-0.4255961412791452,-0.5019960159204454
0.3048615557636337,0.284577572171576,0.47020775099197765,1.121758904705582,1.0463532281665893,-1.345930244856062,0.4524814639040625,-0.4255961412791452,-0.5019960159204454
-0.8731837152736169,-0.42970349920229073,-0.3669070692329788,0.3397755257014685,1.0463532281665893,-0.19410345551177177,0.48147856983178233,-0.4255961412791452,-0.5019960159204454
-0.8731837152736169,-0.42970349920229073,-0.04301627108050631,0.624133118066601,1.5981789407464426,-0.7048717241610315,0.48147856983178233,-0.4255961412791452,-0.5019960159204454
0.3048615557636337,0.3521447005447796,-0.10136424574767966,0.16205203047326083,-0.6091239095729709,-0.05173646557115781,0.5878012915667546,-0.4255961412791452,-0.5019960159204454
-0.8731837152736169,-0.7675391410683088,-0.8813218662986704,-0.5488419504395698,-0.6091239095729709,-0.22945549469153242,-0.5334201376384109,2.3496453633119474,-0.5019960159204454
1.4829068268008843,1.4911334359787831,1.4037753456667512,-1.4730041256262496,0.21861465929680912,0.9942060410530966,1.1774091120970578,-0.4255961412791452,-0.5019960159204454
1.4829068268008843,1.4911334359787831,1.1930081718690027,-0.9042889408959852,-0.8850367658628977,0.25950270893771654,1.1774091120970578,-0.4255961412791452,-0.5019960159204454
0.3048615557636337,0.6417181078585094,0.03438410347798895,0.5174990209296761,1.5981789407464426,-1.0866427562950243,1.1677434101211508,-0.4255961412791452,-0.5019960159204454
0.3048615557636337,0.5258887449330174,0.7000273246810482,1.9392869827553376,-0.057298196993117584,-2.1363155314056126,0.9357665626993924,-0.4255961412791452,-0.5019960159204454
-1.4622063507922423,-1.211551698949361,-0.6741270174805446,-1.0820124361241927,1.0463532281665893,1.077609658681058,-1.19068787200006,-0.4255961412791452,1.9920476822239896
-0.8731837152736169,-0.9412831854565465,-0.9789654157416952,2.330278672257395,-0.057298196993117584,-1.163445033096741,-1.0553680443373674,-0.4255961412791452,-0.5019960159204454
-0.8731837152736169,-0.8061489287101394,-0.7038963923107351,0.8729460113860915,1.5981789407464426,0.3228214291719565,-0.64940856134929,-0.4255961412791452,-0.5019960159204454
1.4829068268008843,1.4911334359787831,1.088219972466732,0.6596778171122418,0.7704403718766625,-0.45056560020732567,1.1774091120970578,-0.4255961412791452,-0.5019960159204454
-0.8731837152736169,-0.9412831854565465,-0.8706048913598018,0.7663119142491667,-0.057298196993117584,0.040963718602794845,-1.0553680443373674,-0.4255961412791452,-0.5019960159204454
-0.8731837152736169,-1.0088503138297502,-1.4183613882353068,0.6596778171122418,-0.057298196993117584,-0.8667400812964603,-1.258347785831406,-0.4255961412791452,1.9920476822239896
-0.8731837152736169,-0.9412831854565465,-1.013497890544716,0.3753202247471106,0.4945275155867358,-0.48372429361330155,-1.0553680443373674,-0.4255961412791452,1.9920476822239896
1.4829068268008843,1.0278159842768155,1.558576094783742,-0.2289396590287959,0.21861465929680912,-0.7445506347111878,0.48147856983178233,-0.4255961412791452,-0.5019960159204454
-0.8731837152736169,-0.535880415217325,-0.14423214550315397,0.30423082665582646,1.5981789407464426,-0.44060788677768004,0.16251040462686447,-0.4255961412791452,-0.5019960159204454
-0.8731837152736169,-1.2018992520389034,-1.3695396135137943,1.9392869827553376,-0.6091239095729709,0.10191755594727923,-1.838289904385802,-0.4255961412791452,1.9920476822239896
1.4829068268008843,1.9737557815016662,1.7598170686358294,-1.4374594265806082,-1.436862478442751,0.7281950852777774,1.902336760290053,-0.4255961412791452,-0.5019960159204454
1.4829068268008843,1.3946089668742065,0.7417044494433149,-2.681523893178062,-1.7127753347326777,1.5739717259072197,1.0324235824584587,-0.4255961412791452,-0.5019960159204454
-0.8731837152736169,-1.124679676755242,-1.4659923879636114,0.48195432188403414,1.322266084456516,-0.28620186125132974,-1.6063130569640436,-0.4255961412791452,1.9920476822239896
1.4829068268008843,1.0567733250081885,1.4633140953271322,-0.9042889408959852,-0.057298196993117584,-0.25879397798871434,0.5249742287233621,-0.4255961412791452,-0.5019960159204454
1.4829068268008843,1.0567733250081885,1.016773472874275,-0.05121616380058823,0.7704403718766625,-0.15339009004135254,0.5249742287233621,-0.4255961412791452,-0.5019960159204454
0.3048615557636337,-0.3910937115604601,-0.6122067178337484,-0.5488419504395698,-0.8850367658628977,1.4010910844945736,-0.9007168127228619,-0.4255961412791452,-0.5019960159204454
-0.8731837152736169,-1.0088503138297502,-1.4183613882353068,0.6952225161578839,-0.3332110532830443,-0.8667400812964603,-1.258347785831406,-0.4255961412791452,1.9920476822239896
-0.8731837152736169,-0.38144126465000244,-0.4359720188390207,-0.40666315425700356,1.322266084456516,0.05435550408824523,0.6264640994703814,-0.4255961412791452,-0.5019960159204454
-0.2841610797549916,-0.6227524374114439,-0.18590927026542065,0.12650733142761944,0.4945275155867358,0.26554920591543696,-0.8581877240288728,2.3496453633119474,-0.5019960159204454
-0.8731837152736169,-0.7675391410683088,-0.9861100657009408,-0.015671464754946823,-0.8850367658628977,-0.005001247615772504,-0.5334201376384109,2.3496453633119474,-0.5019960159204454
0.3048615557636337,0.04326639941013452,0.08796897817233183,0.5530437199753182,1.322266084456516,-0.9933803011292248,-0.030803634891267286,-0.4255961412791452,-0.5019960159204454
-0.8731837152736169,-0.7385818003369358,-0.6919886423786589,-0.2289396590287959,0.4945275155867358,0.9144784248673671,-0.44642881985525146,-0.4255961412791452,1.9920476822239896
-0.8731837152736169,-0.84475871635197,-0.882512641291878,0.48195432188403414,1.5981789407464426,-0.5941158590155357,-0.7653969850601693,-0.4255961412791452,1.9920476822239896
0.3048615557636337,0.3521447005447796,0.3320778517798938,0.9440354094773743,0.7704403718766625,-1.1900406147840126,0.5878012915667546,-0.4255961412791452,-0.5019960159204454
-0.8731837152736169,-0.5262279683068672,0.29040072701762715,1.726018788481488,1.322266084456516,-1.6511260375617067,0.1915075105545843,2.3496453633119474,-0.5019960159204454
1.4829068268008843,1.0278159842768155,0.21776345243196235,-1.2597359313524006,-0.3332110532830443,0.9761602598959792,0.48147856983178233,-0.4255961412791452,-0.5019960159204454
-0.8731837152736169,-1.0667649952924962,-1.0908982651032113,1.0862142056599413,0.4945275155867358,-0.1596111554715581,-1.4323304213977248,-0.4255961412791452,1.9920476822239896
1.4829068268008843,1.1822551348441381,1.7514816436833762,-0.7265654456677775,-0.6091239095729709,-0.18623178815831554,0.7134554172535408,-0.4255961412791452,-0.5019960159204454
1.4829068268008843,1.9737557815016662,2.002735167250184,-1.4374594265806082,-0.3332110532830443,0.26924254780965556,1.902336760290053,-0.4255961412791452,-0.5019960159204454
0.3048615557636337,0.5258887449330174,0.7845723491987892,0.23314142856454367,-0.057298196993117584,-0.7592911416326069,0.9357665626993924,-0.4255961412791452,-0.5019960159204454
0.3048615557636337,0.284577572171576,0.791716999158035,0.7663119142491667,-0.057298196993117584,-1.218940515563881,0.4524814639040625,-0.4255961412791452,-0.5019960159204454
-0.8731837152736169,-0.49727062757549434,-0.38238714414467784,-0.5843866494852112,1.5981789407464426,0.20402587584390217,0.2784988283377437,-0.4255961412791452,1.9920476822239896
1.4829068268008843,1.1822551348441381,0.5357003756183968,-1.6151829218088158,-1.7127753347326777,1.4621822184265927,0.7134554172535408,-0.4255961412791452,-0.5019960159204454
-0.8731837152736169,-0.535880415217325,-0.5014646434654398,-0.6910207466221361,-0.057298196993117584,-1.1067847384451697,0.16251040462686447,-0.4255961412791452,-0.5019960159204454
1.4829068268008843,1.9737557815016662,1.5383329198992124,-2.1483534074934387,-0.8850367658628977,3.128322264157082,1.902336760290053,-0.4255961412791452,-0.5019960159204454
1.4829068268008843,1.9737557815016662,1.4692679702931704,-1.5796382227631744,0.21861465929680912,1.297120601758756,1.902336760290053,-0.4255961412791452,-0.5019960159204454
-0.8731837152736169,-0.9509356323670043,-1.245699014220202,-0.37111845521136216,0.21861465929680912,0.8936344622707904,-1.0843651502650873,2.3496453633119474,-0.5019960159204454
1.4829068268008843,1.0760782188291038,1.655028869233559,-0.19339495998315448,-1.7127753347326777,1.799831112973149,0.5539713346510818,-0.4255961412791452,-0.5019960159204454
1.4829068268008843,1.1822551348441381,0.4916417008697148,-1.6151829218088158,-0.8850367658628977,1.5405132322472481,0.7134554172535408,-0.4255961412791452,-0.5019960159204454
-0.8731837152736169,-1.0571125483820385,-1.0432672653749067,0.8374013123404495,1.0463532281665893,-0.6558811712119366,-1.403333315470005,-0.4255961412791452,1.9920476822239896
0.3048615557636337,0.3424922536343219,0.5226018506931129,0.48195432188403414,0.21861465929680912,-0.6804006095295246,0.5684698876149418,-0.4255961412791452,-0.5019960159204454
-0.8731837152736169,-1.0088503138297502,-1.1444831397975543,0.9440354094773743,1.5981789407464426,-0.1985412004747995,-1.258347785831406,-0.4255961412791452,1.9920476822239896
0.3048615557636337,0.3424922536343219,0.5464173505572653,-0.7621101447134189,0.4945275155867358,2.1610900363037002,0.5684698876149418,-0.4255961412791452,-0.5019960159204454
-0.8731837152736169,-1.0088503138297502,-1.3528687636088876,-0.6199313485308526,1.0463532281665893,0.23595444922354458,-1.258347785831406,-0.4255961412791452,1.9920476822239896
0.3048615557636337,-0.21734966717222223,-0.3109406445522207,-1.0464677370785513,1.322266084456516,0.920137507233037,-0.5527515415902242,-0.4255961412791452,-0.5019960159204454
-0.8731837152736169,-1.124679676755242,-1.2337912642881257,1.2283930018425069,-0.6091239095729709,-0.07018094719487991,-1.6063130569640436,-0.4255961412791452,1.9920476822239896
1.4829068268008843,1.1822551348441381,1.2989871462644809,-0.5488419504395698,-1.1609496221528244,0.33082303579444816,0.7134554172535408,-0.4255961412791452,-0.5019960159204454
-0.8731837152736169,-0.5937950966800709,-0.32761149445712734,-0.015671464754946823,1.0463532281665893,-0.2615347416567324,-0.011472230939454355,-0.4255961412791452,1.9920476822239896
-0.8731837152736169,-0.9509356323670043,-1.0194517655107542,-0.37111845521136216,-1.436862478442751,1.0763305421665754,-1.0843651502650873,-0.4255961412791452,1.9920476822239896
-0.8731837152736169,-0.9509356323670043,-1.0551750153069828,0.3397755257014685,-1.1609496221528244,1.1736164896394656,-1.0843651502650873,-0.4255961412791452,1.9920476822239896
-0.8731837152736169,-1.018502760740208,-0.7753428919031923,2.8989938569876585,1.0463532281665893,-2.3452486149148073,-1.287344891759126,2.3496453633119474,-0.5019960159204454
-0.8731837152736169,-0.9509356323670043,-0.8420262915228189,1.2283930018425069,-0.8850367658628977,0.6310947228852047,-1.0843651502650873,-0.4255961412791452,1.9920476822239896
-0.8731837152736169,-0.9412831854565465,-1.0254056404767924,0.624133118066601,1.5981789407464426,-0.3038813222482772,-1.0553680443373674,-0.4255961412791452,-0.5019960159204454
1.4829068268008843,1.0278159842768155,0.6952642247082177,-0.975378338987268,0.4945275155867358,0.684195339451651,0.48147856983178233,-0.4255961412791452,-0.5019960159204454
0.3048615557636337,0.284577572171576,0.7464675494161453,0.3397755257014685,-0.6091239095729709,-0.9433448697632275,0.4524814639040625,-0.4255961412791452,-0.5019960159204454
-0.8731837152736169,-0.9123258447251736,-0.9337159659998057,-0.08676086284622964,-0.057298196993117584,0.4793787149835614,-0.9683767265542079,2.3496453633119474,-0.5019960159204454
1.4829068268008843,1.0278159842768155,0.8798343486553988,-0.7621101447134189,0.7704403718766625,-0.025363068614740653,0.48147856983178233,-0.4255961412791452,-0.5019960159204454
0.3048615557636337,0.6031083202166787,-0.028726971162014878,-0.7265654456677775,-1.436862478442751,0.38774178836200396,1.0904177943138982,-0.4255961412791452,-0.5019960159204454
-0.8731837152736169,-1.0088503138297502,-1.2159296393900114,-0.19339495998315448,1.5981789407464426,-0.11341380852114585,-1.258347785831406,-0.4255961412791452,1.9920476822239896
1.4829068268008843,1.047120878097731,0.8167232740153949,-1.4374594265806082,-1.1609496221528244,0.999702684698513,0.5104756757595021,-0.4255961412791452,-0.5019960159204454
1.4829068268008843,1.5876579050833597,1.135850972195037,-0.9042889408959852,0.7704403718766625,0.5416955504878589,1.3223946417356567,-0.4255961412791452,-0.5019960159204454
1.4829068268008843,1.047120878097731,0.8167232740153949,-1.4374594265806082,-0.8850367658628977,0.999702684698513,0.5104756757595021,-0.4255961412791452,-0.5019960159204454
-0.8731837152736169,-1.018502760740208,-1.192114139525859,2.1170104779835452,0.4945275155867358,-1.747791180100034,-1.287344891759126,2.3496453633119474,-0.5019960159204454
1.4829068268008843,1.1822551348441381,1.4335447204969418,-0.9042889408959852,-0.057298196993117584,0.1672694567275009,0.7134554172535408,-0.4255961412791452,-0.5019960159204454
-1.4622063507922423,-1.211551698949361,-0.7812967668692303,-0.7265654456677775,-1.1609496221528244,1.1284751267708997,-1.19068787200006,-0.4255961412791452,1.9920476822239896
0.3048615557636337,0.5258887449330174,1.0846476474871092,1.0506695066142993,-0.3332110532830443,-1.292448492748342,0.9357665626993924,-0.4255961412791452,-0.5019960159204454
1.4829068268008843,1.9737557815016662,0.922702248410873,-2.1483534074934387,-1.7127753347326777,0.8403643243046149,1.902336760290053,-0.4255961412791452,-0.5019960159204454
0.3048615557636337,0.5258887449330174,0.3761365265285757,-0.015671464754946823,-1.436862478442751,-1.3407921503458133,0.9357665626993924,-0.4255961412791452,-0.5019960159204454
1.4829068268008843,1.047120878097731,2.0789447668154715,1.0506695066142993,-1.7127753347326777,0.9892297897054719,0.5104756757595021,-0.4255961412791452,-0.5019960159204454
-0.8731837152736169,-1.018502760740208,-0.9087096911424456,0.3397755257014685,-0.3332110532830443,-0.4691028639993542,-1.287344891759126,2.3496453633119474,-0.5019960159204454
-0.8731837152736169,-1.153637017486615,-1.5922145372436192,0.3397755257014685,-0.6091239095729709,-0.5357875509698334,-1.6933043747472032,-0.4255961412791452,1.9920476822239896
-0.8731837152736169,-0.535880415217325,-0.13827827053711586,0.9084907104317336,1.0463532281665893,-0.6795621683197344,0.16251040462686447,-0.4255961412791452,-0.5019960159204454
-0.8731837152736169,-0.7385818003369358,-0.817020016665459,-0.3000290571200793,0.4945275155867358,1.2179815733931607,-0.44642881985525146,-0.4255961412791452,1.9920476822239896
1.4829068268008843,1.1822551348441381,1.3740059708365608,-0.6554760475764947,0.21861465929680912,0.03946293829502054,0.7134554172535408,-0.4255961412791452,-0.5019960159204454
1.4829068268008843,1.5876579050833597,0.9941487480033302,-1.6151829218088158,-0.8850367658628977,1.815603982680365,1.3223946417356567,-0.4255961412791452,-0.5019960159204454
-0.8731837152736169,-1.0378076545611232,-1.0968521400692495,-0.37111845521136216,-1.436862478442751,0.332820065332161,-1.3453391036145654,2.3496453633119474,-0.5019960159204454
-0.8731837152736169,-0.7192769065160205,-0.4597875187031731,-0.975378338987268,0.21861465929680912,1.2400328576257664,-0.38843460799981183,2.3496453633119474,-0.5019960159204454
-0.8731837152736169,-1.0571125483820385,-1.2040218894579353,-0.12230556189187168,0.7704403718766625,-0.3087907295346131,-1.403333315470005,-0.4255961412791452,1.9920476822239896
1.4829068268008843,0.622413214037594,0.5166479757270748,2.3658233713030357,0.7704403718766625,-1.3959660536008305,-0.12746065465033357,-0.4255961412791452,-0.5019960159204454
-0.8731837152736169,-0.7192769065160205,-0.37524249418543215,-0.7265654456677775,-0.3332110532830443,1.3632199504208862,-0.38843460799981183,2.3496453633119474,-0.5019960159204454
1.4829068268008843,1.8096641840238858,2.3444875903007705,-1.4374594265806082,-1.436862478442751,0.2542058305618938,1.6558613599044345,-0.4255961412791452,-0.5019960159204454
0.3048615557636337,-0.21734966717222223,-0.4657413936692112,-1.508548824671891,0.7704403718766625,1.571067671262159,-0.5527515415902242,-0.4255961412791452,-0.5019960159204454
1.4829068268008843,1.1822551348441381,1.135850972195037,-0.8331995428047023,-0.057298196993117584,0.5416955504878589,0.7134554172535408,-0.4255961412791452,-0.5019960159204454
0.3048615557636337,0.284577572171576,0.528555725659151,0.588588419020959,0.4945275155867358,-0.9280487652294266,0.4524814639040625,-0.4255961412791452,-0.5019960159204454
-0.2841610797549916,-0.7192769065160205,-0.04301627108050631,1.54829529325328,1.0463532281665893,-1.9900130942256782,-1.0901645714506312,2.3496453633119474,-0.5019960159204454
1.4829068268008843,1.0278159842768155,0.5511804505300958,-1.7929064170370235,-1.7127753347326777,0.9571431403230921,0.48147856983178233,-0.4255961412791452,-0.5019960159204454
0.3048615557636337,0.3424922536343219,0.46901697599877007,0.09096263238197803,0.4945275155867358,-0.613123144229738,0.5684698876149418,-0.4255961412791452,-0.5019960159204454
-0.8731837152736169,-0.8544111632624277,-0.9241897660541447,-0.40666315425700356,1.322266084456516,-0.13979382487036035,-0.7943940909878892,-0.4255961412791452,1.9920476822239896
0.3048615557636337,0.023961505589219202,-0.0977919207680568,0.16205203047326083,-0.8850367658628977,-0.34141022457244113,-0.06946644279489397,-0.4255961412791452,-0.5019960159204454
0.3048615557636337,0.5258887449330174,0.6416793500138749,1.2283930018425069,0.21861465929680912,-1.151084854809441,0.9357665626993924,-0.4255961412791452,-0.5019960159204454
-0.8731837152736169,-0.42970349920229073,-0.41811039394090643,0.30423082665582646,1.322266084456516,-0.4790363047865831,0.48147856983178233,-0.4255961412791452,-0.5019960159204454
1.4829068268008843,1.1822551348441381,0.9155575984516273,-0.5488419504395698,-0.057298196993117584,0.850868798507396,0.7134554172535408,-0.4255961412791452,-0.5019960159204454
-0.8731837152736169,-0.7385818003369358,-0.5252801433295922,0.5174990209296761,-0.3332110532830443,0.5487640874165081,-0.44642881985525146,-0.4255961412791452,1.9920476822239896
0.3048615557636337,0.3521447005447796,-0.048970146046544406,0.16205203047326083,-0.8850367658628977,-0.13662806824553494,0.5878012915667546,-0.4255961412791452,-0.5019960159204454
-0.8731837152736169,-0.8158013756205971,-0.9896823906805637,-0.2644843580744373,0.21861465929680912,0.38541768593113757,-0.6784056672770099,-0.4255961412791452,-0.5019960159204454
1.4829068268008843,1.4911334359787831,1.5335698199263819,-1.2597359313524006,-1.1609496221528244,0.629791685229416,1.1774091120970578,-0.4255961412791452,-0.5019960159204454
0.3048615557636337,0.5258887449330174,0.18204020263573376,-0.37111845521136216,-1.436862478442751,-1.1126807576136828,0.9357665626993924,-0.4255961412791452,-0.5019960159204454
0.3048615557636337,0.3521447005447796,-0.41930116893411407,-0.9042889408959852,-1.436862478442751,0.5242242281275297,0.5878012915667546,-0.4255961412791452,-0.5019960159204454
-0.8731837152736169,-0.873716057083343,-0.9003742661899923,-0.37111845521136216,0.4945275155867358,-0.18996325945390588,-0.8523883028433288,-0.4255961412791452,-0.5019960159204454
0.3048615557636337,0.6031083202166787,0.2463420522689452,0.8018566132948087,-0.057298196993117584,-0.8294677365639822,1.0904177943138982,-0.4255961412791452,-0.5019960159204454
-0.8731837152736169,-0.7289293534264781,-0.43001814387298265,1.0862142056599413,1.5981789407464426,-0.7729868775226362,-0.41743171392753164,-0.4255961412791452,-0.5019960159204454
1.4829068268008843,1.1822551348441381,1.6621735191928046,-0.7265654456677775,-1.7127753347326777,2.165676022837095,0.7134554172535408,-0.4255961412791452,-0.5019960159204454
-0.8731837152736169,-0.873716057083343,-0.948005265918297,-0.477752552348287,1.322266084456516,-0.16397442328013986,-0.8523883028433288,2.3496453633119474,-0.5019960159204454
1.4829068268008843,1.5007858828892409,1.6062070945120466,-0.37111845521136216,0.21861465929680912,-0.06813350961618883,1.1919076650609175,-0.4255961412791452,-0.5019960159204454
1.4829068268008843,1.0567733250081885,0.5226018506931129,-0.8331995428047023,0.4945275155867358,1.244660408149032,0.5249742287233621,-0.4255961412791452,-0.5019960159204454
1.4829068268008843,1.5007858828892409,1.2715993214207055,-0.44220785330264495,0.7704403718766625,0.03995399427372354,1.1919076650609175,-0.4255961412791452,-0.5019960159204454
0.3048615557636337,0.3424922536343219,0.06296270331497182,-0.19339495998315448,-0.3332110532830443,0.2326414517921037,0.5684698876149418,-0.4255961412791452,-0.5019960159204454
-0.8731837152736169,-0.8544111632624277,-0.8289277665975351,0.5174990209296761,1.0463532281665893,-0.5511525171853856,-0.7943940909878892,-0.4255961412791452,1.9920476822239896
1.4829068268008843,1.047120878097731,1.5133266450418523,-0.015671464754946823,-0.6091239095729709,0.07439560168323543,0.5104756757595021,-0.4255961412791452,-0.5019960159204454
1.4829068268008843,1.9737557815016662,1.6657458441724275,-1.2597359313524006,-1.1609496221528244,0.8446120951821934,1.902336760290053,-0.4255961412791452,-0.5019960159204454
1.4829068268008843,1.4911334359787831,2.03964919203962,-0.37111845521136216,-0.6091239095729709,-0.471927439627168,1.1774091120970578,-0.4255961412791452,-0.5019960159204454
-0.8731837152736169,-0.7096244596055628,-0.6372129926911084,0.3397755257014685,-0.6091239095729709,-0.35356828966763565,-0.359437502072092,-0.4255961412791452,-0.5019960159204454
1.4829068268008843,2.504640361576837,1.7133768439007324,-1.970629912265231,-1.7127753347326777,2.647670980355438,2.6997571733023475,-0.4255961412791452,-0.5019960159204454
1.4829068268008843,1.5007858828892409,1.360907445911277,-0.9042889408959852,-1.1609496221528244,0.37421019744284023,1.1919076650609175,-0.4255961412791452,-0.5019960159204454
-0.8731837152736169,-0.873716057083343,-0.9956362656466019,-0.2289396590287959,0.7704403718766625,-0.36701858339580623,-0.8523883028433288,-0.4255961412791452,-0.5019960159204454
-0.8731837152736169,-0.7964964817996817,-0.7312842171545103,-0.19339495998315448,-1.7127753347326777,0.8679871599070162,-0.6204114554215703,-0.4255961412791452,1.9920476822239896
1.4829068268008843,1.1822551348441381,1.8003034184048885,-0.37111845521136216,-0.3332110532830443,-0.23679773162293868,0.7134554172535408,-0.4255961412791452,-0.5019960159204454
1.4829068268008843,1.1822551348441381,1.3216118711354257,-0.9042889408959852,-1.436862478442751,0.3026917693105926,0.7134554172535408,-0.4255961412791452,-0.5019960159204454
0.3048615557636337,0.3424922536343219,0.5106941007610367,0.09096263238197803,1.322266084456516,-0.4242660268332744,0.5684698876149418,-0.4255961412791452,-0.5019960159204454
-0.8731837152736169,-0.7289293534264781,-0.5288524683092151,0.6952225161578839,1.0463532281665893,-0.8703886830189458,-0.41743171392753164,-0.4255961412791452,1.9920476822239896
-0.8731837152736169,-1.124679676755242,-1.3826381384390782,1.0862142056599413,0.21861465929680912,-0.495146449951554,-1.6063130569640436,2.3496453633119474,-0.5019960159204454
0.3048615557636337,0.04326639941013452,0.004614728647798468,0.9440354094773743,0.7704403718766625,-1.0477878815070587,-0.030803634891267286,-0.4255961412791452,-0.5019960159204454
-0.8731837152736169,-0.5841426497696133,-0.7158041422428113,-0.9398336399416266,1.322266084456516,0.07176552709487971,0.01752487498826545,-0.4255961412791452,-0.5019960159204454
-0.8731837152736169,-0.9412831854565465,-1.0849443901371734,0.12650733142761944,0.21861465929680912,0.8596482046133206,-1.0553680443373674,-0.4255961412791452,-0.5019960159204454
-0.8731837152736169,-0.7289293534264781,0.3380317267459319,2.259189274166111,-0.057298196993117584,-1.2978035888232209,-0.41743171392753164,2.3496453633119474,-0.5019960159204454
1.4829068268008843,1.0278159842768155,1.0524967226705035,-0.19339495998315448,-0.057298196993117584,-0.19664819617231605,0.48147856983178233,-0.4255961412791452,-0.5019960159204454
-0.2841610797549916,-0.12082519806764566,0.6476332249799129,1.6193846913445642,0.7704403718766625,-2.1381707888162076,0.3480918825642714,2.3496453633119474,-0.5019960159204454
0.3048615557636337,-0.26561190172451055,-0.10255502074088728,-1.0464677370785513,1.322266084456516,0.8596482046133206,-0.64940856134929,-0.4255961412791452,1.9920476822239896
0.3048615557636337,0.04326639941013452,0.20109260252705569,0.9440354094773743,0.4945275155867358,-0.7703995002133872,-0.030803634891267286,-0.4255961412791452,-0.5019960159204454
-0.8731837152736169,-0.38144126465000244,-0.4776491436012874,-0.37111845521136216,1.5981789407464426,0.13272356790868553,0.6264640994703814,-0.4255961412791452,-0.5019960159204454
0.3048615557636337,-0.477965733754579,-0.0668317709446587,-0.6199313485308526,1.322266084456516,1.0171681291827517,-1.0746994482891807,-0.4255961412791452,1.9920476822239896
-0.8731837152736169,-0.42970349920229073,-0.37643326917863973,0.16205203047326083,0.7704403718766625,-0.17750545603484574,0.48147856983178233,-0.4255961412791452,-0.5019960159204454
-0.8731837152736169,-0.38144126465000244,-0.28712514468806827,0.4108649237927513,0.4945275155867358,0.571415024917187,0.6264640994703814,-0.4255961412791452,-0.5019960159204454
-0.8731837152736169,-0.9509356323670043,-1.3826381384390782,-1.1886465332611178,-0.057298196993117584,0.6790089173380034,-1.0843651502650873,2.3496453633119474,-0.5019960159204454
0.3048615557636337,0.284577572171576,0.9512808482478559,1.2283930018425069,-0.3332110532830443,-1.5965211268593793,0.4524814639040625,-0.4255961412791452,-0.5019960159204454
1.4829068268008843,1.9737557815016662,2.5647809640441803,-1.2597359313524006,-1.436862478442751,-0.12165539440322236,1.902336760290053,-0.4255961412791452,-0.5019960159204454
-0.8731837152736169,-0.7096244596055628,-0.817020016665459,-0.015671464754946823,0.21861465929680912,1.146314899637193,-0.359437502072092,-0.4255961412791452,-0.5019960159204454
0.3048615557636337,0.5258887449330174,0.4368660511821643,-0.37111845521136216,-0.057298196993117584,-0.5718898632303159,0.9357665626993924,-0.4255961412791452,-0.5019960159204454
-0.8731837152736169,-0.9412831854565465,-1.0313595154428303,-0.015671464754946823,1.0463532281665893,-0.29107517965703367,-1.0553680443373674,-0.4255961412791452,-0.5019960159204454
0.3048615557636337,0.6031083202166787,0.5047402257949987,-0.1578502609375131,0.4945275155867358,0.06690130312501816,1.0904177943138982,-0.4255961412791452,-0.5019960159204454
1.4829068268008843,1.4911334359787831,1.8014941933980961,-1.0820124361241927,-0.8850367658628977,0.8611137156125529,1.1774091120970578,-0.4255961412791452,-0.5019960159204454
-0.8731837152736169,-1.1922468051284456,-1.6350824369990935,0.8729460113860915,-1.436862478442751,1.3174618477512583,-1.8092927984580824,-0.4255961412791452,1.9920476822239896
1.4829068268008843,1.4911334359787831,0.841729548872755,-1.4374594265806082,-1.7127753347326777,1.6309236667734053,1.1774091120970578,-0.4255961412791452,-0.5019960159204454
-0.8731837152736169,-0.7675391410683088,-1.0277871904632077,-0.5488419504395698,-1.436862478442751,1.2540680897592131,-0.5334201376384109,2.3496453633119474,-0.5019960159204454
-0.8731837152736169,-0.9509356323670043,-0.8313093165839504,0.5174990209296761,-1.1609496221528244,0.8942286276144517,-1.0843651502650873,-0.4255961412791452,1.9920476822239896
-0.8731837152736169,-0.6324048843219016,0.19513872756101758,0.05541793333633599,-0.057298196993117584,-0.396224935491262,-0.12746065465033357,2.3496453633119474,-0.5019960159204454
0.3048615557636337,0.5258887449330174,0.40828745134518146,-0.015671464754946823,-1.436862478442751,-0.7822484232088983,0.9357665626993924,-0.4255961412791452,-0.5019960159204454
1.4829068268008843,1.1822551348441381,1.3025594712441035,-0.6554760475764947,0.4945275155867358,-0.07763946980296636,0.7134554172535408,-0.4255961412791452,-0.5019960159204454
1.4829068268008843,1.5007858828892409,1.6395487943218598,-0.9042889408959852,-0.8850367658628977,0.2355255972257979,1.1919076650609175,-0.4255961412791452,-0.5019960159204454
-0.8731837152736169,-1.2018992520389034,-1.4445584380858745,1.2283930018425069,-1.436862478442751,0.3092740196943915,-1.838289904385802,-0.4255961412791452,1.9920476822239896
-0.8731837152736169,-0.9412831854565465,-0.9896823906805637,0.3397755257014685,0.4945275155867358,-0.5324478340988928,-1.0553680443373674,-0.4255961412791452,-0.5019960159204454
-1.4622063507922423,-1.1150272298447845,-0.31689451951825875,-0.7265654456677775,0.21861465929680912,0.9323688000421707,-0.8040597929637956,-0.4255961412791452,1.9920476822239896
1.4829068268008843,2.504640361576837,0.11892912799572994,-1.970629912265231,-1.7127753347326777,6.28429985377374,2.6997571733023475,-0.4255961412791452,-0.5019960159204454
-0.8731837152736169,-0.9509356323670043,-0.9503868159047123,0.09096263238197803,1.0463532281665893,0.14245739631319412,-1.0843651502650873,2.3496453633119474,-0.5019960159204454
1.4829068268008843,1.1822551348441381,0.9417546483021949,-1.0820124361241927,-0.8850367658628977,0.812515554994622,0.7134554172535408,-0.4255961412791452,-0.5019960159204454
0.3048615557636337,-0.31387413627679883,0.1832309776289414,-0.6910207466221361,0.4945275155867358,0.8281513862110157,-0.746065581108356,2.3496453633119474,-0.5019960159204454
-0.8731837152736169,-0.535880415217325,-0.41334729396807596,0.5174990209296761,-0.3332110532830443,-0.5494614459549503,0.16251040462686447,-0.4255961412791452,-0.5019960159204454
-0.8731837152736169,-0.9509356323670043,-1.00159014061264,0.8729460113860915,1.0463532281665893,-0.5850450229895031,-1.0843651502650873,-0.4255961412791452,1.9920476822239896
-0.8731837152736169,-0.5841426497696133,-0.7336657671409256,-0.9042889408959852,1.5981789407464426,0.10850888980393462,0.01752487498826545,-0.4255961412791452,-0.5019960159204454
1.4829068268008843,1.0278159842768155,1.3751967458297685,-0.5488419504395698,-0.6091239095729709,-0.1609572251710174,0.48147856983178233,-0.4255961412791452,-0.5019960159204454
-0.8731837152736169,-0.42970349920229073,-0.5121816184043083,-0.8331995428047023,0.7704403718766625,0.07030540352646196,0.48147856983178233,-0.4255961412791452,-0.5019960159204454
-0.8731837152736169,-0.8544111632624277,-0.9301436410201828,-0.37111845521136216,1.5981789407464426,-0.12710926261170777,-0.7943940909878892,-0.4255961412791452,1.9920476822239896
-0.8731837152736169,-0.84475871635197,-0.8586971414277256,-0.12230556189187168,1.0463532281665893,-0.2756278458785695,-0.7653969850601693,-0.4255961412791452,1.9920476822239896
-0.8731837152736169,-0.9412831854565465,-1.4124075132692686,-0.40666315425700356,0.4945275155867358,0.31020370581756584,-1.0553680443373674,-0.4255961412791452,-0.5019960159204454
-0.8731837152736169,-0.9509356323670043,-1.3719211635002095,1.2283930018425069,-1.436862478442751,-0.34110073277674713,-1.0843651502650873,2.3496453633119474,-0.5019960159204454
-0.8731837152736169,-1.124679676755242,-1.086135165130381,1.4061164970707145,-1.436862478442751,-0.17036154047727448,-1.6063130569640436,2.3496453633119474,-0.5019960159204454
0.3048615557636337,0.3521447005447796,0.26777600214668235,0.5174990209296761,-0.3332110532830443,-1.1136292666145342,0.5878012915667546,-0.4255961412791452,-0.5019960159204454
0.3048615557636337,0.284577572171576,0.29397305199725,-0.05121616380058823,-0.057298196993117584,-0.6352215174428061,0.4524814639040625,-0.4255961412791452,-0.5019960159204454
-0.8731837152736169,-0.5841426497696133,-0.822973891631497,-1.4019147275349668,1.5981789407464426,0.2994302842725513,0.01752487498826545,-0.4255961412791452,-0.5019960159204454
1.4829068268008843,1.047120878097731,1.1620480220456046,-0.5843866494852112,-0.057298196993117584,-0.7412572204493226,0.5104756757595021,-0.4255961412791452,-0.5019960159204454
-0.8731837152736169,-0.5937950966800709,-0.3383284693959959,-0.7265654456677775,-0.3332110532830443,0.12271746307526882,-0.011472230939454355,-0.4255961412791452,1.9920476822239896
-0.8731837152736169,-0.9509356323670043,-0.8717956663530094,2.8279044588963758,-1.1609496221528244,-1.784705798464029,-1.0843651502650873,2.3496453633119474,-0.5019960159204454
-0.8731837152736169,-0.7096244596055628,-0.9122820161220685,-0.5488419504395698,-1.436862478442751,0.6517502861500619,-0.359437502072092,-0.4255961412791452,-0.5019960159204454
-0.8731837152736169,-1.0281552076506655,-1.1147137649673637,0.624133118066601,1.322266084456516,-0.7484820357644981,-1.3163419976868456,-0.4255961412791452,1.9920476822239896
-0.8731837152736169,-0.9412831854565465,-1.113522989974156,0.5174990209296761,0.21861465929680912,-0.6705453483468701,-1.0553680443373674,-0.4255961412791452,-0.5019960159204454
0.3048615557636337,0.04326639941013452,-0.025154646182392017,0.09096263238197803,0.4945275155867358,-1.0082777811746075,-0.030803634891267286,-0.4255961412791452,-0.5019960159204454
-0.8731837152736169,-0.8544111632624277,-0.6622192675484684,-0.37111845521136216,-1.7127753347326777,0.3712530945726493,-0.7943940909878892,2.3496453633119474,-0.5019960159204454
-0.8731837152736169,-0.42970349920229073,0.02009480355949752,1.6193846913445642,1.0463532281665893,-0.7936253522026763,0.48147856983178233,-0.4255961412791452,-0.5019960159204454
0.3048615557636337,0.6031083202166787,0.8857882236214368,1.2283930018425069,-0.3332110532830443,-0.8726486602226247,1.0904177943138982,-0.4255961412791452,-0.5019960159204454
-0.8731837152736169,-1.0281552076506655,-1.186160264559821,-0.2289396590287959,0.4945275155867358,0.14730307552133692,-1.3163419976868456,2.3496453633119474,-0.5019960159204454
0.3048615557636337,0.04326639941013452,0.030811778498366096,0.7307672152035259,-0.057298196993117584,-1.3009164181413002,-0.030803634891267286,-0.4255961412791452,-0.5019960159204454
-0.8731837152736169,-0.9412831854565465,-1.2754683890503924,-0.40666315425700356,0.7704403718766625,1.152302715721242,-1.0553680443373674,-0.4255961412791452,-0.5019960159204454
-0.8731837152736169,-1.0667649952924962,-1.2040218894579353,1.3705717980250725,1.322266084456516,-0.3087907295346131,-1.4323304213977248,-0.4255961412791452,1.9920476822239896
0.3048615557636337,0.04326639941013452,0.09987672810440802,0.4108649237927513,0.4945275155867358,-1.1698959700915195,-0.030803634891267286,-0.4255961412791452,-0.5019960159204454
-0.8731837152736169,-1.0281552076506655,-1.2123573144103885,1.157303603751224,1.0463532281665893,-0.7082787797550526,-1.3163419976868456,-0.4255961412791452,1.9920476822239896
-0.8731837152736169,-1.124679676755242,-1.1742525146277447,0.16205203047326083,-0.6091239095729709,-0.21176856803840075,-1.6063130569640436,2.3496453633119474,-0.5019960159204454
-0.8731837152736169,-0.535880415217325,-0.5288524683092151,0.5174990209296761,-0.6091239095729709,-0.8703886830189458,0.16251040462686447,-0.4255961412791452,-0.5019960159204454
0.3048615557636337,0.5258887449330174,0.563088200462172,0.16205203047326083,-0.3332110532830443,-0.7300715247731819,0.9357665626993924,-0.4255961412791452,-0.5019960159204454
1.4829068268008843,1.4911334359787831,0.8798343486553988,1.2283930018425069,1.322266084456516,-1.0873765964884141,1.1774091120970578,-0.4255961412791452,-0.5019960159204454
0.3048615557636337,0.5258887449330174,0.04152875343723467,0.3397755257014685,-0.8850367658628977,-0.9321846991059034,0.9357665626993924,-0.4255961412791452,-0.5019960159204454
-0.8731837152736169,-0.873716057083343,-1.0254056404767924,-0.3000290571200793,1.5981789407464426,-0.8468617681170234,-0.8523883028433288,-0.4255961412791452,-0.5019960159204454
1.4829068268008843,1.0278159842768155,1.2573100215022142,-0.37111845521136216,-0.8850367658628977,-0.14680579565480584,0.48147856983178233,-0.4255961412791452,-0.5019960159204454
0.3048615557636337,-0.26561190172451055,-0.09064727080881109,-1.4730041256262496,1.0463532281665893,1.7432909037075235,-0.64940856134929,-0.4255961412791452,1.9920476822239896
-0.8731837152736169,-0.9412831854565465,-1.120667639933402,1.0506695066142993,0.21861465929680912,-0.25267464380449123,-1.0553680443373674,-0.4255961412791452,1.9920476822239896
-0.8731837152736169,-0.7192769065160205,-0.38834101911071595,-0.5488419504395698,-0.8850367658628977,1.0827309334476867,-0.38843460799981183,2.3496453633119474,-0.5019960159204454
-0.8731837152736169,-0.7385818003369358,-0.31689451951825875,1.3705717980250725,1.5981789407464426,-0.7644450932976601,-0.44642881985525146,-0.4255961412791452,-0.5019960159204454
-0.8731837152736169,-0.8254538225310547,-0.3740517191922245,0.6952225161578839,-1.7127753347326777,-0.36673165721971873,-0.7074027732047297,2.3496453633119474,-0.5019960159204454
1.4829068268008843,1.5007858828892409,1.4633140953271322,-0.975378338987268,-0.057298196993117584,0.21048246226388778,1.1919076650609175,-0.4255961412791452,-0.5019960159204454
1.4829068268008843,1.047120878097731,1.0786937725210712,-1.0820124361241927,-1.1609496221528244,0.619089770402641,0.5104756757595021,-0.4255961412791452,-0.5019960159204454
0.3048615557636337,0.3521447005447796,-0.23473104498693304,-0.19339495998315448,-0.8850367658628977,0.17643790636173345,0.5878012915667546,-0.4255961412791452,-0.5019960159204454
-0.8731837152736169,-0.42970349920229073,-0.15613989543523016,0.7307672152035259,0.4945275155867358,-0.8262130246163855,0.48147856983178233,-0.4255961412791452,-0.5019960159204454
-0.8731837152736169,-0.9412831854565465,-0.7217580172088494,1.8326528856184128,1.322266084456516,-1.2319346353402665,-1.0553680443373674,-0.4255961412791452,-0.5019960159204454
1.4829068268008843,1.9737557815016662,2.3945001400154906,-0.5488419504395698,-0.8850367658628977,-0.7857165102115088,1.902336760290053,-0.4255961412791452,-0.5019960159204454
